-- table LANGUE
INSERT INTO langue VALUES(1,'français');
INSERT INTO langue VALUES(2,'anglais');
INSERT INTO langue VALUES(3,'japonais moderne');
INSERT INTO langue VALUES(4,'japonais classique');
-- table GENRE
INSERT INTO genre VALUES(1,'Histoire');
INSERT INTO genre VALUES(2,'roman');
INSERT INTO genre VALUES(3,'essai');
INSERT INTO genre VALUES(4,'poésie');
INSERT INTO genre VALUES(5,'conte');
INSERT INTO genre VALUES(6,'dictionnaire');
INSERT INTO genre VALUES(7,'biographie');
INSERT INTO genre VALUES(8,'auto-biographie');
INSERT INTO genre VALUES(9,'théâtre');
-- table EDITEUR
INSERT INTO editeur VALUES(1,'Perrin');
INSERT INTO editeur VALUES(2,'Japan Foundation');
INSERT INTO editeur VALUES(3,'Presses Universitaires de France');
INSERT INTO editeur VALUES(4,'Editions du Seuil');
INSERT INTO editeur VALUES(5,'Armand Colin');
INSERT INTO editeur VALUES(6,'Le Cavalier Bleu');
INSERT INTO editeur VALUES(7,'Verdier');
INSERT INTO editeur VALUES(8,'Publications Orientalistes de France');
INSERT INTO editeur VALUES(9,'Albin Michel');
INSERT INTO editeur VALUES(10,'Gallimard');
INSERT INTO editeur VALUES(11,'Les Belles Lettres');
INSERT INTO editeur VALUES(12,'Kadokawa');
INSERT INTO editeur VALUES(13,'Rivages');
INSERT INTO editeur VALUES(14,'Unesco');
INSERT INTO editeur VALUES(15,'Philippe Picquier');
INSERT INTO editeur VALUES(16,'Miyagi-ken');
INSERT INTO editeur VALUES(17,'Bunkachô (Ministère de la culture)');
INSERT INTO editeur VALUES(18,'In Parentheses');
INSERT INTO editeur VALUES(19,'Editions du Rocher');
-- table COLLECTION
INSERT INTO collection VALUES(1,'Que sais-je ?');
INSERT INTO collection VALUES(2,'Points Essais');
INSERT INTO collection VALUES(3,'128');
INSERT INTO collection VALUES(4,'Idées reçues');
INSERT INTO collection VALUES(5,'Connaissance de l''Orient');
INSERT INTO collection VALUES(6,'Folio');
INSERT INTO collection VALUES(7,'Collection Japon');
INSERT INTO collection VALUES(8,'Sophia bunko');
INSERT INTO collection VALUES(9,'Bibliothèque étrangère');
INSERT INTO collection VALUES(10,'Picquier poche');
INSERT INTO collection VALUES(11,'Fonds ancien japonais');
INSERT INTO collection VALUES(12,'Japanese Series');
INSERT INTO collection VALUES(13,'Nouvelle');
-- table AUTEUR
INSERT INTO auteur(numAuteur,nomAuteur) VALUES(1,'Anonyme');
INSERT INTO auteur VALUES(2,'Vié','Michel');
INSERT INTO auteur VALUES(3,'Barthes','Roland');
INSERT INTO auteur VALUES(4,'Tessier','Max');
INSERT INTO auteur VALUES(5,'Pelletier','Philippe');
INSERT INTO auteur VALUES(6,'Tanizaki','Junichirô');
INSERT INTO auteur VALUES(7,'Fukuzawa','Yukichi');
INSERT INTO auteur VALUES(8,'Natsume','Sôseki');
INSERT INTO auteur VALUES(9,'Bernard','Faure');
INSERT INTO auteur VALUES(10,'Ueda','Akinari');
INSERT INTO auteur VALUES(11,'Souyri','Pierre-François');
INSERT INTO auteur VALUES(12,'Nosaka','Akiyuki');
INSERT INTO auteur(numAuteur,nomAuteur) VALUES(13,'Bunkachô (Ministère de la culture)');
INSERT INTO auteur VALUES(14,'Murasaki','Shikibu');
INSERT INTO auteur VALUES(15,'Chikamatsu','Monzaemon');
INSERT INTO auteur VALUES(16,'Mori','Ôgai');
-- table TRADUCTEUR
INSERT INTO traducteur VALUES(1,'Sieffert','René');
INSERT INTO traducteur VALUES(2,'Tellier','Marie-Françoise');
INSERT INTO traducteur VALUES(3,'Cholley','Jean');
INSERT INTO traducteur VALUES(4,'Tschudin','Jean-Jacques');
INSERT INTO traducteur VALUES(5,'Renondeau','Gaston');
INSERT INTO traducteur VALUES(6,'De Ceccatty','René');
INSERT INTO traducteur VALUES(7,'Nakamura','Ryôji');
INSERT INTO traducteur VALUES(8,'De Vos','Patrick');
INSERT INTO traducteur VALUES(9,'Gossot','Anne');
INSERT INTO traducteur VALUES(10,'Kenchio','Suyematz');
INSERT INTO traducteur VALUES(11,'Miyamori','Asataro');
INSERT INTO traducteur VALUES(12,'Nichols','Robert');
INSERT INTO traducteur VALUES(13,'Okada','Amina');
-- table LIVRE
INSERT INTO livre(numLivre,titre,nbPage,description,numGenre,anneeEdition) VALUES(1,'Nouvelle histoire du Japon',627,'Tout en tenant compte des derniers développements de l''historiographie japonaise et des débats dont elle a pu être l''objet, P. F. Souyri propose ici une Nouvelle histoire du Japon, affranchie des poncifs anciens et des légendes, mais aussi plus en accord avec les questionnements de cette société aujourd''hui ultra moderne. Un éclairage nouveau et passionnant d''un pays qui n''en finit pas de nous intriguer.',1,2010);
INSERT INTO livre(numLivre,titre,nbPage,numGenre,numCollection,anneeEdition) VALUES(2,'Le Japon contemporain',127,3,1,1982);
INSERT INTO livre(numLivre,titre,nbPage,numGenre,numCollection,anneeEdition) VALUES(3,'Le Japon contemporain',127,3,1,1995);
INSERT INTO livre VALUES(4,'L''Empire des signes',157,'"Ne décrivant ni ne définissant, le haïku (j''appelle ainsi finalement tout trait discontinu, tout. événement de la vie japonaise, tel qu''il s''offre à ma lecture), le haïku s''amincit jusqu''à la pure et seule désignation. C''est cela, c''est ainsi, dit le haïku, c''est tel. Ou mieux encore : Tel dit-il, d''une touche si instantanée et si courte (sans vibration ni reprise) que la copule y apparaîtrait encore de trop, comme le remords d''une définition interdite, à jamais éloignée. Le sens n''y est qu''un flash, une griffure de lumière."',3,2,2007);
INSERT INTO livre VALUES(5,'Le cinéma japonais',128,'Le cinéma japonais est à la fois le mieux connu des cinémas asiatiques, mais reste dans son ensemble quelque peu ignoré du grand public, en dehors de quelques cinéastes-auteurs dûment consacrés par la critique, comme Kurosawa, Mizoguchi, Ozu, Oshima ou Imamura, grands arbres qui cachent une forêt touffue. Cet ouvrage présente ce cinéma dans une perspective historique, sociale et esthétique, en cernant ses contours les plus évidents, comme sa part d''ombre.',3,3,2008);
INSERT INTO livre VALUES(6,'Le Japon',127,'" Le Japon est surpeuplé " " C''est le pays des yakuza et des kamikaze " " Le Japonais est un drogué de travail et ne prend jamais de vacances " " Les Japonais copient tout, et en mieux " " Le Japon est le paradis de la haute technologie " " La jeunesse japonaise est désespérée " ...',3,4,2009);
INSERT INTO livre(numLivre,titre,nbPage,description,numGenre,anneeEdition) VALUES(7,'L''Eloge de l''ombre',114,'"Car un laque décoré à la poudre d’or n’est pas fait pour être embrassé d’un seul coup d’œil dans un endroit illuminé, mais pour être deviné dans un lieu obscur, dans une lueur diffuse qui, par instants, en révèle l’un ou l’autre détail, de telle sorte que, la majeure partie de son décor somptueux constamment caché dans l’ombre, il suscite des résonances inexprimables."',3,1977);
INSERT INTO livre(numLivre,titre,nbPage,description,numGenre,anneeEdition) VALUES(8,'L''Eloge de l''ombre',96,'"Car un laque décoré à la poudre d’or n’est pas fait pour être embrassé d’un seul coup d’œil dans un endroit illuminé, mais pour être deviné dans un lieu obscur, dans une lueur diffuse qui, par instants, en révèle l’un ou l’autre détail, de telle sorte que, la majeure partie de son décor somptueux constamment caché dans l’ombre, il suscite des résonances inexprimables."',3,2011);
INSERT INTO livre(numLivre,titre,nbPage,description,numGenre,anneeEdition) VALUES(9,'La vie du vieux Fukuzawa racontée par lui-même',411,'Fukuzawa Yukichi (1835-1901) est une figure majeure de l''histoire du Japon, la grande voix de l''ère Meiji (18681912), qui marque l''ouverture du pays à la modernité occidentale. Originaire d''une famille de samouraïs de deuxième rang, il a publié en 1898 une autobiographie foisonnant d''anecdotes sur la société traditionnelle du Japon féodal, restituant avec une foule de détails plus pittoresques les uns que les autres sa découverte de la civilisation moderne de l''Occident.',8,2007);
INSERT INTO livre(numLivre,titre,nbPage,numGenre,numCollection,anneeEdition) VALUES(10,'Je suis un chat',438,2,5,1986);
INSERT INTO livre VALUES(11,'Le pont flottant des songes',112,'Tadasu a grandi, mais il reste toujours un petit enfant lorsqu''il pense à son enfance et à sa mère, la merveilleuse Chinu, si bien réincarnée dans la seconde femme de son père, avec qui il entretient une relation trouble mêlant amour filial et désir. Un magnifique éloge de la maternité et une réflexion sur l''image de la Femme.',2,6,2009);
INSERT INTO livre VALUES(12,'L''imaginaire du zen : L''univers mental d''un moine japonais',236,'L''histoire du bouddhisme Zen reste relativement méconnue, dans la mesure où l''on s''en tient encore trop souvent à l''image d''un Zen pur, iconoclaste et anti-ritualiste. Dans la réalité, les choses sont infiniment plus compliquées, comme le montre le cas de Keizan Jôkin (1278-1325), l''un des patriarches du Zen japonais.',3,7,2011);
INSERT INTO livre VALUES(13,'Contes de pluie et de lune',238,'Le meilleur ouvrage de l''écrivain classique japonais Ueda Akinari (1734-1809) est ce recueil des Contes de pluie et de lune. Dans ces histoires fantastiques, le lecteur verra se lever, agir et disparaître toutes les variétés de fantômes. Un mélange savoureux de magie, de poésie et de réalité fait revivre d''un seul coup l''univers familier et enchanté des Japonais d''autrefois.',5,5,1990);
INSERT INTO livre VALUES(14,'Ugetsu Monogatari',366,'Version origiale de l''oeuvre d''Ueda Akinari (Contes de pluie et de lune) en japonais classique, accompagnée de sa transcription en japonais moderne.',5,8,2006);
INSERT INTO livre VALUES(15,'Contes d''Ise',182,'Contes, si l''on veut, et c''est bien l''un des sens du mot japonais monogatari; mais si brefs et si peu marqués d''intrigue que les poèmes (les tanka) qui les ornent en deviennent comme l''essence et l''essentiel. Impossible de comprendre la littérature japonaise, et la plus moderne si l''on ne connaît pas ces contes poétiques d''auteur inconnu et qui datent du Xe siècle.',5,5,1988);
INSERT INTO livre VALUES(16,'Oreiller d''herbes',169,'Oreiller d''herbes est singulier par son écriture, impressionniste, poétique, et par son projet même. Un peintre se retire dans une auberge de montagne pour peindre et réfléchir sur son art, sur l''acte de création. L''atmosphère subtile et poétique d''Oreiller d''herbes est admirablement rendue par les traducteurs.',2,9,1989);
INSERT INTO livre VALUES(17,'La tombe des lucioles',139,'Avant de devenir le célèbre dessin animé de Takahata Isao, La Tombe des lucioles est une oeuvre magnifique et poignante de l''écrivain Nosaka Akiyuki. L''histoire d''un frère et d''une soeur qui s''aiment et vagabondent dans l''enfer des incendies tandis que la guerre fait rage ; une histoire qui est celle que Nosaka vécut lui-même, âgé de quatorze ans, en juin 1945.',2,10,1988);
INSERT INTO livre(numLivre,titre,nbPage,description,numCollection,anneeEdition) VALUES(18,'Ecriture des élèves de l''école primaire publique du département de Miyagi',183,'Recueil factice d''exercices d''écriture d''élèves d''écoles primaires publiques du département de Miyagi.',11,1879);
INSERT INTO livre(numLivre,titre,nbPage,numGenre,anneeEdition) VALUES(19,'Bunka tayôsei (Cultural Diversity)',133,3,2004);
INSERT INTO livre VALUES(20,'Genji Monogatari (Chapters 1-17, abridged)',213,'Le Genji monogatari (ou Dit du Genji) est une œuvre considérée comme majeure de la littérature japonaise du XIe siècle, attribuée àMurasaki Shikibu. L''intrigue du livre se déroule pendant l''époque de Heian.',2,12,2000);
INSERT INTO livre(numLivre,titre,nbPage,numGenre,numCollection,anneeEdition) VALUES(21,'The Almanac of Love',35,9,12,2000);
INSERT INTO livre(numLivre,titre,nbPage,numGenre,numCollection,anneeEdition) VALUES(22,'The Love Suicide at Amijima',39,9,12,2000);
INSERT INTO livre(numLivre,titre,nbPage,numGenre,numCollection,anneeEdition) VALUES(23,'Vita sexualis',168,2,5,1988);
INSERT INTO livre(numLivre,titre,nbPage,numGenre,numCollection,anneeEdition) VALUES(24,'La danseuse',85,2,13,2006);
INSERT INTO livre(numLivre,titre,nbPage,numGenre,numCollection,anneeEdition) VALUES(25,'The Adventures of the Hakata Damsel',39,9,12,2000);
INSERT INTO livre(numLivre,titre,nbPage,numGenre,numCollection,anneeEdition) VALUES(26,'The Tethered Steed',42,9,12,2000);
INSERT INTO livre(numLivre,titre,nbPage,numGenre,numCollection,anneeEdition) VALUES(27,'The Courier for Hades',37,9,12,2000);
INSERT INTO livre(numLivre,titre,nbPage,numGenre,numCollection,anneeEdition) VALUES(28,'Fair Ladies at a Game of Poem-Cards',56,9,12,2000);
-- table LIVRE_PAPIER
INSERT INTO livre_papier VALUES(1,9782262022464,'43JP 959 SOU');
INSERT INTO livre_papier VALUES(2,9782130376316,'43JP 327 VIE');
INSERT INTO livre_papier VALUES(3,9782130443278,'43JP 327 VIE');
INSERT INTO livre_papier VALUES(4,9782757806456,'43JP 308 BAR');
INSERT INTO livre_papier VALUES(5,9782200352813,'43JP 793.12 TES');
INSERT INTO livre_papier VALUES(6,9782846702164,'43JP 303 PEL');
INSERT INTO livre_papier VALUES(7,9782716901130,'43JP 843.9 TAN');
INSERT INTO livre_papier VALUES(8,9782864326526,'43JP 843.9 TAN');
INSERT INTO livre_papier VALUES(9,9782226171092,'43JP 100.5 FUK');
INSERT INTO livre_papier VALUES(10,9782070706341,'43JP 843.9 NAT');
INSERT INTO livre_papier VALUES(11,9782070389643,'43JP 843.94 TAN');
INSERT INTO livre_papier VALUES(12,9782251722092,'43JP 960 FAU');
INSERT INTO livre_papier VALUES(13,9782070720637,'43JP 843.71 UED');
INSERT INTO livre_papier VALUES(14,9784044011024,'43JP 843.71 UED');
INSERT INTO livre_papier VALUES(15,9782070714759,'43JP 836 ANO');
INSERT INTO livre_papier VALUES(16,9782869302457,'43JP 843.9 NAT');
INSERT INTO livre_papier VALUES(17,9782877302203,'43JP 799 NOS');
INSERT INTO livre_papier VALUES(23,9782070714780,'43JP 843.9 MOR');
INSERT INTO livre_papier VALUES(24,9782268058023,'43JP 843.9 MOR');
-- table LIVRE_ELETRONIQUE
-- ressources : http://crj.ehess.fr/index.php?553
-- 				http://dl.ndl.go.jp/#top
--				http://signets.bnf.fr/html/categories/c_895japon_litterature.html
--				http://www.yorku.ca/inpar/
INSERT INTO livre_electronique VALUES(18,1,'http://num.bulac.fr/archive/files/0f209189e962e60cd278efc1e9dd2477.pdf');
INSERT INTO livre_electronique VALUES(19,2,'http://warp.da.ndl.go.jp/info:ndljp/pid/998289/www.bunka.go.jp/culturalforum/kako/pdf/2004/forum_02j.pdf');
INSERT INTO livre_electronique VALUES(20,3,'http://www.yorku.ca/inpar/genji_kenchio.pdf');
INSERT INTO livre_electronique VALUES(21,4,'http://www.yorku.ca/inpar/almanac_miyamori.pdf');
INSERT INTO livre_electronique VALUES(22,5,'http://www.yorku.ca/inpar/amijima_miyamori.pdf');
INSERT INTO livre_electronique VALUES(25,6,'http://www.yorku.ca/inpar/hakata_miyamori.pdf');
INSERT INTO livre_electronique VALUES(26,7,'http://www.yorku.ca/inpar/tethered_miyamori.pdf');
INSERT INTO livre_electronique VALUES(27,8,'http://www.yorku.ca/inpar/courier_miyamori.pdf');
INSERT INTO livre_electronique VALUES(28,9,'http://www.yorku.ca/inpar/poemcards_miyamori.pdf');
-- table EDITE
INSERT INTO edite VALUES(1,1);
INSERT INTO edite VALUES(2,1);
INSERT INTO edite VALUES(3,2);
INSERT INTO edite VALUES(3,3);
INSERT INTO edite VALUES(4,4);
INSERT INTO edite VALUES(5,5);
INSERT INTO edite VALUES(6,6);
INSERT INTO edite VALUES(8,7);
INSERT INTO edite VALUES(7,8);
INSERT INTO edite VALUES(9,9);
INSERT INTO edite VALUES(10,10);
INSERT INTO edite VALUES(14,10);
INSERT INTO edite VALUES(10,11);
INSERT INTO edite VALUES(11,12);
INSERT INTO edite VALUES(10,13);
INSERT INTO edite VALUES(14,13);
INSERT INTO edite VALUES(12,14);
INSERT INTO edite VALUES(10,15);
INSERT INTO edite VALUES(14,15);
INSERT INTO edite VALUES(13,16);
INSERT INTO edite VALUES(15,17);
INSERT INTO edite VALUES(16,18);
INSERT INTO edite VALUES(17,19);
INSERT INTO edite VALUES(18,20);
INSERT INTO edite VALUES(18,21);
INSERT INTO edite VALUES(18,22);
INSERT INTO edite VALUES(10,23);
INSERT INTO edite VALUES(14,23);
INSERT INTO edite VALUES(19,24);
INSERT INTO edite VALUES(18,25);
INSERT INTO edite VALUES(18,26);
INSERT INTO edite VALUES(18,27);
INSERT INTO edite VALUES(18,28);
-- table ECRIT
INSERT INTO ecrit VALUES(11,1);
INSERT INTO ecrit VALUES(2,2);
INSERT INTO ecrit VALUES(2,3);
INSERT INTO ecrit VALUES(3,4);
INSERT INTO ecrit VALUES(4,5);
INSERT INTO ecrit VALUES(5,6);
INSERT INTO ecrit VALUES(6,7);
INSERT INTO ecrit VALUES(6,8);
INSERT INTO ecrit VALUES(7,9);
INSERT INTO ecrit VALUES(8,10);
INSERT INTO ecrit VALUES(6,11);
INSERT INTO ecrit VALUES(9,12);
INSERT INTO ecrit VALUES(10,13);
INSERT INTO ecrit VALUES(10,14);
INSERT INTO ecrit VALUES(1,15);
INSERT INTO ecrit VALUES(8,16);
INSERT INTO ecrit VALUES(12,17);
INSERT INTO ecrit VALUES(1,18);
INSERT INTO ecrit VALUES(13,19);
INSERT INTO ecrit VALUES(14,20);
INSERT INTO ecrit VALUES(15,21);
INSERT INTO ecrit VALUES(15,22);
INSERT INTO ecrit VALUES(16,23);
INSERT INTO ecrit VALUES(16,24);
INSERT INTO ecrit VALUES(15,25);
INSERT INTO ecrit VALUES(15,26);
INSERT INTO ecrit VALUES(15,27);
INSERT INTO ecrit VALUES(15,28);
-- table EST_ECRIT_EN
INSERT INTO est_ecrit_en VALUES (1,1);
INSERT INTO est_ecrit_en VALUES (2,1);
INSERT INTO est_ecrit_en VALUES (3,1);
INSERT INTO est_ecrit_en VALUES (4,1);
INSERT INTO est_ecrit_en VALUES (5,1);
INSERT INTO est_ecrit_en VALUES (6,1);
INSERT INTO est_ecrit_en VALUES (7,1);
INSERT INTO est_ecrit_en VALUES (8,1);
INSERT INTO est_ecrit_en VALUES (9,1);
INSERT INTO est_ecrit_en VALUES (10,1);
INSERT INTO est_ecrit_en VALUES (11,1);
INSERT INTO est_ecrit_en VALUES (12,1);
INSERT INTO est_ecrit_en VALUES (13,1);
INSERT INTO est_ecrit_en VALUES (14,3);
INSERT INTO est_ecrit_en VALUES (14,4);
INSERT INTO est_ecrit_en VALUES (15,1);
INSERT INTO est_ecrit_en VALUES (16,1);
INSERT INTO est_ecrit_en VALUES (17,1);
INSERT INTO est_ecrit_en VALUES (18,2);
INSERT INTO est_ecrit_en VALUES (18,4);
INSERT INTO est_ecrit_en VALUES (19,3);
INSERT INTO est_ecrit_en VALUES (20,2);
INSERT INTO est_ecrit_en VALUES (21,2);
INSERT INTO est_ecrit_en VALUES (22,2);
INSERT INTO est_ecrit_en VALUES (23,1);
INSERT INTO est_ecrit_en VALUES (24,1);
INSERT INTO est_ecrit_en VALUES (25,2);
INSERT INTO est_ecrit_en VALUES (26,2);
INSERT INTO est_ecrit_en VALUES (27,2);
INSERT INTO est_ecrit_en VALUES (28,2);
-- table TRADUIT
INSERT INTO traduit VALUES(1,7);
INSERT INTO traduit VALUES(1,8);
INSERT INTO traduit VALUES(2,9);
INSERT INTO traduit VALUES(3,10);
INSERT INTO traduit VALUES(4,11);
INSERT INTO traduit VALUES(1,13);
INSERT INTO traduit VALUES(5,15);
INSERT INTO traduit VALUES(6,16);
INSERT INTO traduit VALUES(7,16);
INSERT INTO traduit VALUES(8,17);
INSERT INTO traduit VALUES(9,17);
INSERT INTO traduit VALUES(10,20);
INSERT INTO traduit VALUES(11,21);
INSERT INTO traduit VALUES(12,21);
INSERT INTO traduit VALUES(11,22);
INSERT INTO traduit VALUES(12,22);
INSERT INTO traduit VALUES(13,23);
INSERT INTO traduit VALUES(4,24);
INSERT INTO traduit VALUES(11,25);
INSERT INTO traduit VALUES(12,25);
INSERT INTO traduit VALUES(11,26);
INSERT INTO traduit VALUES(12,26);
INSERT INTO traduit VALUES(11,27);
INSERT INTO traduit VALUES(12,27);
INSERT INTO traduit VALUES(11,28);
INSERT INTO traduit VALUES(12,28);
-- table FOURNISSEUR
INSERT INTO  fournisseur (numfournisseur,nomFournisseur,adresFournisseur,CPFournisseur,villeFournisseur,numTelFournisseur) VALUES (1,'DECITRE', '15 allée des framboisiers',75013,'PARIS','01 45 81 40 91');
INSERT INTO  fournisseur (numfournisseur,nomFournisseur,adresFournisseur,CPFournisseur,villeFournisseur,numTelFournisseur) VALUES (2,'BEDI', '37 rue des acacias',64000,'BIARRITZ','05 59 24 66 26');
INSERT INTO  fournisseur (numfournisseur,nomFournisseur,adresFournisseur,CPFournisseur,villeFournisseur,numTelFournisseur) VALUES (3,'LE CERCLE DU LIVRE', '65 rue Carnot',75001,'PARIS','01 42 36 12 63');
INSERT INTO  fournisseur (numfournisseur,nomFournisseur,adresFournisseur,CPFournisseur,villeFournisseur,numTelFournisseur) VALUES (4,'Book in bar', '4 rue Joseph Cabrassol',13100,'AIX EN PROVENCE','04 42 26 60 07');
INSERT INTO  fournisseur (numfournisseur,nomFournisseur,adresFournisseur,CPFournisseur,villeFournisseur,numTelFournisseur) VALUES (5,'Circle', '28 rue du Chateau d''Eau',78362,'MONTESSON','01 34 80 99 72');
INSERT INTO  fournisseur (numfournisseur,nomFournisseur,adresFournisseur,CPFournisseur,villeFournisseur,numTelFournisseur) VALUES (6,'LDLC', '12 rue de l''église',75015,'PARIS','01 77 75 35 00');
-- table EXEMPLAIRE
INSERT INTO exemplaire VALUES(1,1,9782262022464,3,1,0);
INSERT INTO exemplaire VALUES(2,1,9782262022464,3,1,0);
INSERT INTO exemplaire VALUES(3,1,9782262022464,3,0,0);
INSERT INTO exemplaire VALUES(4,1,9782262022464,3,0,0);
INSERT INTO exemplaire VALUES(5,1,9782262022464,2,0,0);
INSERT INTO exemplaire VALUES(6,1,9782262022464,2,0,0);
INSERT INTO exemplaire VALUES(7,1,9782262022464,2,0,0);
INSERT INTO exemplaire VALUES(8,2,9782130376316,1,0,1);
INSERT INTO exemplaire VALUES(9,2,9782130376316,1,1,0);
INSERT INTO exemplaire VALUES(10,3,9782130443278,1,0,0);
INSERT INTO exemplaire VALUES(11,3,9782130443278,1,1,0);
INSERT INTO exemplaire VALUES(12,3,9782130443278,1,0,0);
INSERT INTO exemplaire VALUES(13,4,9782757806456,1,0,0);
INSERT INTO exemplaire VALUES(14,4,9782757806456,1,0,0);
INSERT INTO exemplaire VALUES(15,4,9782757806456,1,0,0);
INSERT INTO exemplaire VALUES(16,5,9782200352813,4,0,0);
INSERT INTO exemplaire VALUES(17,5,9782200352813,4,0,0);
INSERT INTO exemplaire VALUES(18,6,9782846702164,3,0,1);
INSERT INTO exemplaire VALUES(19,6,9782846702164,3,0,0);
INSERT INTO exemplaire VALUES(20,6,9782846702164,3,0,0);
INSERT INTO exemplaire VALUES(21,6,9782846702164,2,0,0);
INSERT INTO exemplaire VALUES(22,6,9782846702164,2,0,0);
INSERT INTO exemplaire VALUES(23,7,9782716901130,1,1,0);
INSERT INTO exemplaire VALUES(24,7,9782716901130,1,1,0);
INSERT INTO exemplaire VALUES(25,8,9782864326526,2,0,0);
INSERT INTO exemplaire VALUES(26,8,9782864326526,2,0,0);
INSERT INTO exemplaire VALUES(27,8,9782864326526,2,0,0);
INSERT INTO exemplaire VALUES(28,9,9782226171092,5,0,0);
INSERT INTO exemplaire VALUES(29,9,9782226171092,5,0,0);
INSERT INTO exemplaire VALUES(30,9,9782226171092,5,1,0);
INSERT INTO exemplaire VALUES(31,9,9782226171092,5,0,0);
INSERT INTO exemplaire VALUES(32,9,9782226171092,5,0,0);
INSERT INTO exemplaire VALUES(33,9,9782226171092,3,0,0);
INSERT INTO exemplaire VALUES(34,9,9782226171092,3,0,0);
INSERT INTO exemplaire VALUES(35,10,9782070706341,2,0,0);
INSERT INTO exemplaire VALUES(36,10,9782070706341,2,0,0);
INSERT INTO exemplaire VALUES(37,10,9782070706341,2,0,1);
INSERT INTO exemplaire VALUES(38,11,9782070389643,1,0,0);
INSERT INTO exemplaire VALUES(39,11,9782070389643,1,0,0);
INSERT INTO exemplaire VALUES(40,12,9782251722092,1,0,0);
INSERT INTO exemplaire VALUES(41,13,9782070720637,2,0,0);
INSERT INTO exemplaire VALUES(42,13,9782070720637,3,0,0);
INSERT INTO exemplaire VALUES(43,13,9782070720637,3,0,0);
INSERT INTO exemplaire VALUES(44,14,9784044011024,2,0,0);
INSERT INTO exemplaire VALUES(45,15,9782070714759,2,1,0);
INSERT INTO exemplaire VALUES(46,15,9782070714759,2,0,0);
INSERT INTO exemplaire VALUES(47,15,9782070714759,3,0,0);
INSERT INTO exemplaire VALUES(48,16,9782869302457,2,0,0);
INSERT INTO exemplaire VALUES(49,16,9782869302457,2,0,0);
INSERT INTO exemplaire VALUES(50,17,9782877302203,5,0,0);
INSERT INTO exemplaire VALUES(51,23,9782070714780,3,0,0);
INSERT INTO exemplaire VALUES(52,23,9782070714780,3,0,0);
INSERT INTO exemplaire VALUES(53,23,9782070714780,3,0,0);
INSERT INTO exemplaire VALUES(54,24,9782268058023,3,0,0);
INSERT INTO exemplaire VALUES(55,24,9782268058023,3,1,0);
INSERT INTO exemplaire VALUES(56,24,9782268058023,3,0,0);
INSERT INTO exemplaire VALUES(57,24,9782268058023,3,0,0);
-- table TABLETTE
INSERT INTO tablette VALUES(1,6,1);
INSERT INTO tablette VALUES(2,6,1);
INSERT INTO tablette VALUES(3,6,1);
INSERT INTO tablette VALUES(4,6,0);
INSERT INTO tablette VALUES(5,6,1);
INSERT INTO tablette VALUES(6,6,1);
-- table TARIF
INSERT INTO  tarif (numTarif,prixTarif) VALUES (1,0);
INSERT INTO  tarif (numTarif,prixTarif) VALUES (2,15);
INSERT INTO  tarif (numTarif,prixTarif) VALUES (3,30);
INSERT INTO  tarif (numTarif,prixTarif) VALUES (4,60);
-- table CATEGORIE
INSERT INTO  categorie (numCategorie,numTarif,libelleCategorie) VALUES (1,1,'Etudiants Psud');
INSERT INTO  categorie (numCategorie,numTarif,libelleCategorie) VALUES (2,2,'Etudiants exterieur');
INSERT INTO  categorie (numCategorie,numTarif,libelleCategorie) VALUES (3,3,'Personnel Exterieur');
INSERT INTO  categorie (numCategorie,numTarif,libelleCategorie) VALUES (4,1,'Personnel Psud');
INSERT INTO  categorie (numCategorie,numTarif,libelleCategorie) VALUES (5,4,'Particulier');
INSERT INTO  categorie (numCategorie,numTarif,libelleCategorie) VALUES (6,1,'Chomeur');
-- table LECTEUR
INSERT INTO  lecteur (numLecteur,login, mdp, numCategorie,nomLecteur,prenomLecteur,mailLecteur,dateInscription) VALUES (1,'cAllyre','23456' ,3,'Allyre','Clément','clement.allyre@u-psud.fr','2013-01-02');
INSERT INTO  lecteur (numLecteur,login, mdp, numCategorie,nomLecteur,prenomLecteur,mailLecteur,dateInscription) VALUES (2,'tAmelin', 'abcdef', 1,'Amelin','Thibault','amelinTh78@u-psud;fr','2013-01-07');
INSERT INTO  lecteur (numLecteur,numCategorie,nomLecteur,prenomLecteur,mailLecteur,dateInscription) VALUES (3,6,'Andreone','Luc','lucAnd@gmail.com','2014-04-04');
INSERT INTO  lecteur (numLecteur,numCategorie,nomLecteur,prenomLecteur,mailLecteur,dateInscription) VALUES (4,3,'Antoine','Yoann','antoine.yoann@gmail.com','2014-01-07');
INSERT INTO  lecteur (numLecteur,numCategorie,nomLecteur,prenomLecteur,mailLecteur,dateInscription) VALUES (5,5,'Aublanc','Romain','aublancR@hotmail.fr','2014-01-08');
INSERT INTO  lecteur (numLecteur,numCategorie,nomLecteur,prenomLecteur,mailLecteur,dateInscription) VALUES (6,4,'Auzolie','Arthur','auzolarthur@yahoo.fr','2012-01-09');
INSERT INTO  lecteur (numLecteur,numCategorie,nomLecteur,prenomLecteur,mailLecteur,dateInscription) VALUES (7,5,'Blanchard','Clément','clemblanchard@gmail.com','2012-01-10');
INSERT INTO  lecteur (numLecteur,numCategorie,nomLecteur,prenomLecteur,mailLecteur,dateInscription) VALUES (8,2,'Boiron','Pierre','boironPierre@upmc.fr','2012-01-11');
INSERT INTO  lecteur (numLecteur,numCategorie,nomLecteur,prenomLecteur,mailLecteur,dateInscription) VALUES (9,2,'Bouaziz','alexandra','alexandra.bouaziz56@live.fr','2010-01-14');
INSERT INTO  lecteur (numLecteur,numCategorie,nomLecteur,prenomLecteur,mailLecteur,dateInscription) VALUES (10,4,'Bouguila','Selma','selmaBouguila@u-p8.fr','2010-01-15');
INSERT INTO  lecteur (numLecteur,numCategorie,nomLecteur,prenomLecteur,mailLecteur,dateInscription) VALUES (11,6,'Brand','Alexis','brand-Alex@gmail.com','2011-01-16');
INSERT INTO  lecteur (numLecteur,numCategorie,nomLecteur,prenomLecteur,mailLecteur,dateInscription) VALUES (12,4,'Camara','Moussa','moussC@live.fr','2012-01-17');
INSERT INTO  lecteur (numLecteur,numCategorie,nomLecteur,prenomLecteur,mailLecteur,dateInscription) VALUES (13,5,'Chaux','christine','chris.chaux@yahoo.fr','2012-03-18');
INSERT INTO  lecteur (numLecteur,numCategorie,nomLecteur,prenomLecteur,mailLecteur,dateInscription) VALUES (14,2,'Conin','Elisa','conin.Elisa91@gmail.com','2012-01-19');
INSERT INTO  lecteur (numLecteur,numCategorie,nomLecteur,prenomLecteur,mailLecteur,dateInscription) VALUES (15,2,'Corvisard','Julie','julie.corvisard@u-p8.fr','2013-01-22');
INSERT INTO  lecteur (numLecteur,numCategorie,nomLecteur,prenomLecteur,mailLecteur,dateInscription) VALUES (16,1,'Desjardins','Alexandra','alexandra.desjardins@u-psud.fr','2013-02-23');
INSERT INTO  lecteur (numLecteur,numCategorie,nomLecteur,prenomLecteur,mailLecteur,dateInscription) VALUES (17,5,'Dianas','Julien','dianajuju@gmail.com','2013-01-24');
INSERT INTO  lecteur (numLecteur,numCategorie,nomLecteur,prenomLecteur,mailLecteur,dateInscription) VALUES (18,5,'Dinouel','Natha','didiNatha78@wanadoo.fr','2013-01-25');
INSERT INTO  lecteur (numLecteur,numCategorie,nomLecteur,prenomLecteur,mailLecteur,dateInscription) VALUES (19,4,'Donckers','Rémi','donckers.remi@upmc.fr','2013-03-26');
INSERT INTO  lecteur (numLecteur,numCategorie,nomLecteur,prenomLecteur,mailLecteur,dateInscription) VALUES (20,4,'Euphrosine','Mélissa','euphrosine.melissa@upmc.fr','2014-01-26');
INSERT INTO  lecteur (numLecteur,numCategorie,nomLecteur,prenomLecteur,mailLecteur,dateInscription) VALUES (21,1,'Fleury','Cédric','cedric.quentin@u-psud.fr','2014-01-26');
INSERT INTO  lecteur (numLecteur,numCategorie,nomLecteur,prenomLecteur,mailLecteur,dateInscription) VALUES (22,5,'Gaerel','Théo','theoG@live.fr','2014-01-26');
INSERT INTO  lecteur (numLecteur,numCategorie,nomLecteur,prenomLecteur,mailLecteur,dateInscription) VALUES (23,3,'Gato','Steven','gato.steven@u-psud.fr','2014-01-26');
INSERT INTO  lecteur (numLecteur,numCategorie,nomLecteur,prenomLecteur,mailLecteur,dateInscription) VALUES (24,6,'Gautier','Romain','romaingautier@sfr.fr','2014-01-26');
INSERT INTO  lecteur (numLecteur,numCategorie,nomLecteur,prenomLecteur,mailLecteur,dateInscription) VALUES (25,4,'Gestas','Amanda','gestasA@upmc.fr','2013-02-04');
INSERT INTO  lecteur (numLecteur,numCategorie,nomLecteur,prenomLecteur,mailLecteur,dateInscription) VALUES (26,2,'Gounot','Damien','damien.gounot@upmc.fr','2013-02-06');
INSERT INTO  lecteur (numLecteur,numCategorie,nomLecteur,prenomLecteur,mailLecteur,dateInscription) VALUES (27,2,'Gratton','alexandre','alex.gratton@gmail.com','2013-02-07');
INSERT INTO  lecteur (numLecteur,numCategorie,nomLecteur,prenomLecteur,mailLecteur,dateInscription) VALUES (28,5,'Grenier','Maxime','maximegrenier@sfr.fr','2013-02-08');
INSERT INTO  lecteur (numLecteur,numCategorie,nomLecteur,prenomLecteur,mailLecteur,dateInscription) VALUES (29,4,'Gueguen','Matthieu','mat.guegen@yahoo.fr','2013-02-11');
INSERT INTO  lecteur (numLecteur,numCategorie,nomLecteur,prenomLecteur,mailLecteur,dateInscription) VALUES (30,2,'Hamlat','Adeline','hamlat.adeline@u-p8.fr','2013-03-11');
INSERT INTO  lecteur (numLecteur,numCategorie,nomLecteur,prenomLecteur,mailLecteur,dateInscription) VALUES (31,5,'Henry','Théodore', 'theoH78@yahoo.fr', '2013-04-11');
INSERT INTO  lecteur (numLecteur,numCategorie,nomLecteur,prenomLecteur,mailLecteur,dateInscription) VALUES (32,2,'Huet','Augustin','huet.augustin@u-p8.fr', '2013-05-11');
INSERT INTO  lecteur (numLecteur,numCategorie,nomLecteur,prenomLecteur,mailLecteur,dateInscription) VALUES (33,2,'Landi','Maximin','landimax@u-p8.fr', '2013-06-01');
INSERT INTO  lecteur (numLecteur,numCategorie,nomLecteur,prenomLecteur,mailLecteur,dateInscription) VALUES (34,1,'Jonvel','Hugo','hugjonvel@u-psud.fr','2013-07-12');
INSERT INTO  lecteur (numLecteur,numCategorie,nomLecteur,prenomLecteur,mailLecteur,dateInscription) VALUES (35,2,'Kabrai','Ludivine','ludi.kabrai@sfr.fr','2013-09-13');
INSERT INTO  lecteur (numLecteur,numCategorie,nomLecteur,prenomLecteur,mailLecteur,dateInscription) VALUES (36,2,'Kadre','Peter','kadre-peter@sfr.fr','2013-09-22');
INSERT INTO  lecteur (numLecteur,numCategorie,nomLecteur,prenomLecteur,mailLecteur,dateInscription) VALUES (37,4,'lecare','Sébastien','seb.Lecare@hotmail.com','2013-07-17');
INSERT INTO  lecteur (numLecteur,numCategorie,nomLecteur,prenomLecteur,mailLecteur,dateInscription) VALUES (38,4,'Lefevre','vincent','vince.lefv@umpc.fr','2013-11-11');
INSERT INTO  lecteur (numLecteur,numCategorie,nomLecteur,prenomLecteur,mailLecteur,dateInscription) VALUES (39,4,'Massart','Xavier','xavm33@u-p8.fr','2013-12-18');
INSERT INTO  lecteur (numLecteur,numCategorie,nomLecteur,prenomLecteur,mailLecteur,dateInscription) VALUES (40,5,'Matis','alexandre','mat.alex@sfr.fr','2013-01-11');
INSERT INTO  lecteur (numLecteur,numCategorie,nomLecteur,prenomLecteur,mailLecteur,dateInscription) VALUES (41,3,'Mertz','Charles','charles.metz@u-psud.fr','2014-02-11');
INSERT INTO  lecteur (numLecteur,numCategorie,nomLecteur,prenomLecteur,mailLecteur,dateInscription) VALUES (42,1,'Munier','Tristan','tristan.munier@u-psud.fr','2014-03-22');
INSERT INTO  lecteur (numLecteur,numCategorie,nomLecteur,prenomLecteur,mailLecteur,dateInscription) VALUES (43,4,'Pivron','Aude','aude.pivron@upmc.fr','2014-03-13');
INSERT INTO  lecteur (numLecteur,numCategorie,nomLecteur,prenomLecteur,mailLecteur,dateInscription) VALUES (44,3,'Poigant','Elise','elise.poignont@u-psud.fr','2014-03-14');
INSERT INTO  lecteur (numLecteur,numCategorie,nomLecteur,prenomLecteur,mailLecteur,dateInscription) VALUES (45,6,'Pontal','Capucine','capucine-pontal@gmail.com','2014-03-15');
INSERT INTO  lecteur (numLecteur,numCategorie,nomLecteur,prenomLecteur,mailLecteur,dateInscription) VALUES (46,3,'Poirot','Nicole','nicole.poirot@u-psud.fr','2014-03-17');
INSERT INTO  lecteur (numLecteur,numCategorie,nomLecteur,prenomLecteur,mailLecteur,dateInscription) VALUES (47,2,'Pouteau','Clémence','clemence.pouteau@hotmail.com','2014-04-18');
INSERT INTO  lecteur (numLecteur,numCategorie,nomLecteur,prenomLecteur,mailLecteur,dateInscription) VALUES (48,5,'Rampas','Léa','lear78@live.fr','2014-03-19');
INSERT INTO  lecteur (numLecteur,numCategorie,nomLecteur,prenomLecteur,mailLecteur,dateInscription) VALUES (49,5,'Massif','enzo','enzomassif@gmail.com','2014-03-20');
INSERT INTO  lecteur (numLecteur,numCategorie,nomLecteur,prenomLecteur,mailLecteur,dateInscription) VALUES (50,2,'Rhasere','Alif','alif93@wanadoo.fr','2014-04-21');
INSERT INTO  lecteur (numLecteur,numCategorie,nomLecteur,prenomLecteur,mailLecteur,dateInscription) VALUES (51,5,'Robin','Louise','louiseR78@gmail.com','2014-05-24');
INSERT INTO  lecteur (numLecteur,numCategorie,nomLecteur,prenomLecteur,mailLecteur,dateInscription) VALUES (52,2,'Rognon','Nathan','rognonNath@gmail.com','2014-03-26');
INSERT INTO  lecteur (numLecteur,numCategorie,nomLecteur,prenomLecteur,mailLecteur,dateInscription) VALUES (53,1,'Salerno','Nicolas','nicoS@u-psud.fr','2014-05-27');
INSERT INTO  lecteur (numLecteur,numCategorie,nomLecteur,prenomLecteur,mailLecteur,dateInscription) VALUES (54,2,'Sturia','Lucas','lucas.sturia@yahoo.fr','2014-05-24');
INSERT INTO  lecteur (numLecteur,numCategorie,nomLecteur,prenomLecteur,mailLecteur,dateInscription) VALUES (55,2,'Testoud','Romain','romain.testoud@upmc.fr','2014-03-28');
INSERT INTO  lecteur (numLecteur,numCategorie,nomLecteur,prenomLecteur,mailLecteur,dateInscription) VALUES (56,5,'Tounee','Mounir','mounir.tounee@live.fr','2014-05-14');
INSERT INTO  lecteur (numLecteur,numCategorie,nomLecteur,prenomLecteur,mailLecteur,dateInscription) VALUES (57,2,'Valentin','Thomas','valthom@u-p8.fr','2014-06-02');
INSERT INTO  lecteur (numLecteur,numCategorie,nomLecteur,prenomLecteur,mailLecteur,dateInscription) VALUES (58,6,'Valmy','Hugue','valmyH@gmail.com','2014-05-05');
INSERT INTO  lecteur (numLecteur,numCategorie,nomLecteur,prenomLecteur,mailLecteur,dateInscription) VALUES (59,5,'Veillard','Rebecca','veillard.rebecca@live.fr','2014-04-03');
INSERT INTO  lecteur (numLecteur,numCategorie,nomLecteur,prenomLecteur,mailLecteur,dateInscription) VALUES (60,5,'Jacques','Antoine','antoineJ78@yahoo.fr','2014-06-04');
-- table BIBLIOTHECAIRE
INSERT INTO bibliothecaire (numBibliothecaire, login, mdp, nomBibliothecaire,prenomBibliothecaire) VALUES (1,'lgandois','eric', 'GANDOIS','Laurence');
INSERT INTO bibliothecaire (numBibliothecaire,login, mdp, nomBibliothecaire,prenomBibliothecaire) VALUES (2,'jgamain','cedric', 'GAMAIN','Jeanne');
-- table COMMANDE
INSERT INTO commande VALUES(1,1,'2009-11-22');
INSERT INTO commande VALUES(2,2,'2009-12-01');
INSERT INTO commande VALUES(3,2,'2010-05-12');
INSERT INTO commande VALUES(4,1,'2010-09-28');
INSERT INTO commande VALUES(5,2,'2012-01-05');
INSERT INTO commande VALUES(6,1,'2012-09-02');
INSERT INTO commande VALUES(7,2,'2014-01-04');
-- table LIGNE_COMMANDE
INSERT INTO ligne_commande VALUES(1,1,1,9782262022464,4);
INSERT INTO ligne_commande VALUES(2,1,2,9782130376316,2);
INSERT INTO ligne_commande VALUES(3,1,4,9782757806456,3);
INSERT INTO ligne_commande VALUES(4,1,5,9782200352813,2);
INSERT INTO ligne_commande VALUES(1,2,6,9782846702164,3);
INSERT INTO ligne_commande VALUES(2,2,7,9782716901130,2);
INSERT INTO ligne_commande VALUES(3,2,9,9782226171092,3);
INSERT INTO ligne_commande VALUES(4,2,10,9782070706341,3);
INSERT INTO ligne_commande VALUES(5,2,11,9782070389643,2);
INSERT INTO ligne_commande VALUES(1,3,9,9782226171092,2);
INSERT INTO ligne_commande VALUES(2,3,13,9782070720637,1);
INSERT INTO ligne_commande VALUES(3,3,14,9784044011024,1);
INSERT INTO ligne_commande VALUES(1,4,13,9782070720637,2);
INSERT INTO ligne_commande VALUES(2,4,12,9782251722092,1);
INSERT INTO ligne_commande VALUES(3,4,15,9782070714759,2);
INSERT INTO ligne_commande VALUES(4,4,16,9782869302457,2);
INSERT INTO ligne_commande VALUES(5,4,17,9782877302203,1);
INSERT INTO ligne_commande VALUES(1,5,9,9782226171092,2);
INSERT INTO ligne_commande VALUES(2,5,1,9782262022464,3);
INSERT INTO ligne_commande VALUES(3,5,3,9782130443278,3);
INSERT INTO ligne_commande VALUES(4,5,6,9782846702164,2);
INSERT INTO ligne_commande VALUES(1,6,8,9782864326526,3);
INSERT INTO ligne_commande VALUES(2,6,15,9782070714759,1);
INSERT INTO ligne_commande VALUES(3,6,24,9782268058023,1);
INSERT INTO ligne_commande VALUES(1,7,23,9782070714780,3);
INSERT INTO ligne_commande VALUES(2,7,24,9782268058023,3);
-- table EMPRUNT
INSERT INTO emprunt VALUES(1,3,'2014-06-01');
INSERT INTO emprunt VALUES(2,18,'2013-02-28');
INSERT INTO emprunt VALUES(3,23,'2013-05-30');
INSERT INTO emprunt VALUES(4,23,'2014-09-13');
INSERT INTO emprunt VALUES(5,20,'2014-10-28');
INSERT INTO emprunt VALUES(6,21,'2014-12-02');
INSERT INTO emprunt VALUES(7,21,'2014-12-12');
INSERT INTO emprunt VALUES(8,24,'2014-04-22');
INSERT INTO emprunt VALUES(9,7,'2012-02-18');
INSERT INTO emprunt VALUES(10,7,'2012-03-28');
INSERT INTO emprunt VALUES(11,19,'2013-04-16');
INSERT INTO emprunt VALUES(12,15,'2013-10-25');
INSERT INTO emprunt VALUES(13,4,'2014-05-16');
INSERT INTO emprunt VALUES(14,5,'2014-05-16');
INSERT INTO emprunt VALUES(15,4,'2014-09-20');
INSERT INTO emprunt VALUES(16,24,'2014-12-01');
INSERT INTO emprunt VALUES(17,59,'2014-09-23');
INSERT INTO emprunt VALUES(18,23,'2014-11-09');
-- table EMPRUNT_ELECTRONIQUE
INSERT INTO emprunt_electronique VALUES(1,1,18);
INSERT INTO emprunt_electronique VALUES(4,3,20);
INSERT INTO emprunt_electronique VALUES(8,4,21);
INSERT INTO emprunt_electronique VALUES(8,5,22);
INSERT INTO emprunt_electronique VALUES(8,6,25);
INSERT INTO emprunt_electronique VALUES(15,3,20);
INSERT INTO emprunt_electronique VALUES(16,7,26);
INSERT INTO emprunt_electronique VALUES(16,8,27);
INSERT INTO emprunt_electronique VALUES(13,3,20);
INSERT INTO emprunt_electronique VALUES(18,5,22);
INSERT INTO emprunt_electronique VALUES(18,7,26);
-- table EMPRUNT_TABLETTE
INSERT INTO emprunt_tablette VALUES(1,1,1);
INSERT INTO emprunt_tablette VALUES(4,3,1);
INSERT INTO emprunt_tablette VALUES(8,5,1);
INSERT INTO emprunt_tablette VALUES(13,4,1);
INSERT INTO emprunt_tablette(numEmprunt,numTablette) VALUES(15,1);
INSERT INTO emprunt_tablette(numEmprunt,numTablette) VALUES(16,2);
INSERT INTO emprunt_tablette VALUES(18,3,1);
-- table EMPRUNT_EXEMPLAIRE
INSERT INTO emprunt_exemplaire(numEmprunt,numInventaire) VALUES(2,10);
INSERT INTO emprunt_exemplaire VALUES(3,42,1);
INSERT INTO emprunt_exemplaire VALUES(3,26,1);
INSERT INTO emprunt_exemplaire VALUES(4,36,1);
INSERT INTO emprunt_exemplaire VALUES(5,21,1);
INSERT INTO emprunt_exemplaire(numEmprunt,numInventaire) VALUES(5,52);
INSERT INTO emprunt_exemplaire VALUES(6,9,1);
INSERT INTO emprunt_exemplaire VALUES(6,12,1);
INSERT INTO emprunt_exemplaire(numEmprunt,numInventaire) VALUES(7,53);
INSERT INTO emprunt_exemplaire(numEmprunt,numInventaire) VALUES(7,2);
INSERT INTO emprunt_exemplaire VALUES(9,18,1);
INSERT INTO emprunt_exemplaire VALUES(10,6,1);
INSERT INTO emprunt_exemplaire VALUES(10,29,1);
INSERT INTO emprunt_exemplaire VALUES(11,9,1);
INSERT INTO emprunt_exemplaire VALUES(12,30,1);
INSERT INTO emprunt_exemplaire VALUES(13,28,1);
INSERT INTO emprunt_exemplaire VALUES(14,35,1);
INSERT INTO emprunt_exemplaire VALUES(14,48,1);
INSERT INTO emprunt_exemplaire(numEmprunt,numInventaire) VALUES(16,8);
INSERT INTO emprunt_exemplaire(numEmprunt,numInventaire) VALUES(17,51);
-- table COMMENTE
INSERT INTO commente VALUES(9,7,'Cette biographie se lit bien, sans plus, mais elle se lit bien. Le personnage est étonnant. Samourai de second rang, il semble comprendre avant l''heure les mutations que va vivre son pays. Moins étroit d''esprit que la plupart de ses congénères, il ignore la tendance isolationniste du pouvoir en place pour s''ouvrir à l''occident, ce qui n''est pas sans danger. Son propos est parfois plein d''humour, et même plein d''ironie. Ce document est donc très intéressant pour comprendre cette atmosphère si complexe de la révolution Meiji.');
INSERT INTO commente VALUES(9,4,'Avec ce livre on peut connaître l''histoire japonaise du côté de l''un de ceux qui y a participé. Ce livre est indispensable si l''on s''intéresse au Japon Féodal et la Restauration de Meiji, il pose le décor d''un point de vue anecdotique. Très bonne autobiographie, facile à lire et passionnante, bien loin de tous les livre d''histoire rébarbatifs et ennuyeux.');
INSERT INTO commente VALUES(10,23,'Ce livre présente 3 qualités principales : originale, il nous met face à nos travers d''humain grace à un point de vue "impartiale" (celui du chat, le narrateur.) Simple et efficace, sa lecture en est d''autant plus agréable. Attendrissant pour tout compagnon/compagne (ou non) de ces drôles d''engins à 4 pattes et à moustaches. Un livre incontournable.');
INSERT INTO commente VALUES(13,23,'Les neuf contes qui constituent ce recueil peuvent sans doute aucun être placés parmi les plus beaux textes de la littérature japonaise classique. Mélange déroutant d''humour et d''étrange, les histoires ici réunies plongent le lecteur dans le quotidien du Japon médiéval et dans les méandres de l''imaginaire fantastique oriental. Un chef d''oeuvre littéraire qui inspira à Mizoguchi Kenji son chef d''oeuvre : Les contes de la lune vague après la pluie');
INSERT INTO commente VALUES(23,59,'Se plonger dans les relations humaines dans le Japon du début du XXème siècle est, en soi, passionnant. Mais cet apprentissage amoureux est bien peu palpitant et ce Professeur Kanai pas réellement sympathique. Intéressant, malgré tout.');
-- table SUGGERE
INSERT INTO suggere VALUES(21,24,'Il est dommage de ne pas trouver d''oeuvres de Mori Ogai, l''un des grands auteurs de l''ère Meiji. Je vous recommande tout particulièrement La Danseuse et Vita Sexualis, deux chef d''oeuvres de l''auteur.');
INSERT INTO suggere VALUES(21,23,'Il est dommage de ne pas trouver d''oeuvres de Mori Ogai, l''un des grands auteurs de l''ère Meiji. Je vous recommande tout particulièrement La Danseuse et Vita Sexualis, deux chef d''oeuvres de l''auteur.');